,CIK,CONAME,FDATE,FORM,FYRMO,SECFNAME,mda_positive_score,mda_negative_score,mda_polarity_score,mda_average_sentence_length,mda_percentage_of_complex_words,mda_fog_index,mda_complex_word_count,mda_word_count,mda_uncertainty_score,mda_constraining_score,mda_positive_word_proportion,mda_negative_word_proportion,mda_uncertainty_word_proportion,mda_constraining_word_proportion,qqdmr_positive_score,qqdmr_negative_score,qqdmr_polarity_score,qqdmr_average_sentence_length,qqdmr_percentage_of_complex_words,qqdmr_fog_index,qqdmr_complex_word_count,qqdmr_word_count,qqdmr_uncertainty_score,qqdmr_constraining_score,qqdmr_positive_word_proportion,qqdmr_negative_word_proportion,qqdmr_uncertainty_word_proportion,qqdmr_constraining_word_proportion,rf_positive_score,rf_negative_score,rf_polarity_score,rf_average_sentence_length,rf_percentage_of_complex_words,rf_fog_index,rf_complex_word_count,rf_word_count,rf_uncertainty_score,rf_constraining_score,rf_positive_word_proportion,rf_negative_word_proportion,rf_uncertainty_word_proportion,rf_constraining_word_proportion,constraining_words_whole_report
0,3662,SUNBEAM CORP/FL/,03/06/1998,10-K405,199803,edgar/data/3662/0000950170-98-000413.txt,17,61,-0.56410255687048,24,0.36663980660757456,9.74665592264303,910,2482,23,10,0.00684931506849315,0.024576954069298954,0.009266720386784852,0.0040290088638195,0,0,0.0,0,0.0,0.0,0,0,0,0,0,0,0,0,0,0,0.0,0,0.0,0.0,0,0,0,0,0,0,0,0,10
1,3662,SUNBEAM CORP/FL/,05/15/1998,10-Q,199805,edgar/data/3662/0000950170-98-001001.txt,9,46,-0.6727272604958681,30,0.4115426105717368,12.164617044228695,763,1854,58,2,0.0048543689320388345,0.02481121898597627,0.03128371089536138,0.0010787486515641855,0,0,0.0,0,0.0,0.0,0,0,0,0,0,0,0,0,0,0,0.0,0,0.0,0.0,0,0,0,0,0,0,0,0,2
2,3662,SUNBEAM CORP/FL/,08/13/1998,NT 10-Q,199808,edgar/data/3662/0000950172-98-000783.txt,0,0,0.0,0,0.0,0.0,0,0,0,0,0.0,0.0,0.0,0.0,0,0,0.0,0,0.0,0.0,0,0,0,0,0,0,0,0,0,0,0.0,0,0.0,0.0,0,0,0,0,0,0,0,0,0
3,3662,SUNBEAM CORP/FL/,11/12/1998,10-K/A,199811,edgar/data/3662/0000950170-98-002145.txt,41,119,-0.487499996953125,23,0.39755154639175255,9.359020618556702,1851,4656,74,39,0.008805841924398625,0.025558419243986254,0.015893470790378006,0.008376288659793814,0,0,0.0,0,0.0,0.0,0,0,0,0,0,0,0,0,0,0,0.0,0,0.0,0.0,0,0,0,0,0,0,0,0,39
4,3662,SUNBEAM CORP/FL/,11/16/1998,NT 10-Q,199811,edgar/data/3662/0000950172-98-001203.txt,0,0,0.0,0,0.0,0.0,0,0,0,0,0.0,0.0,0.0,0.0,0,0,0.0,0,0.0,0.0,0,0,0,0,0,0,0,0,0,0,0.0,0,0.0,0.0,0,0,0,0,0,0,0,0,0
5,3662,SUNBEAM CORP/FL/,11/25/1998,10-Q/A,199811,edgar/data/3662/0000950170-98-002278.txt,19,63,-0.5365853593099347,23,0.39953877198039783,9.35981550879216,1386,3469,83,23,0.005477082732776016,0.018160853271836263,0.02392620351686365,0.006630152781781493,0,0,0.0,0,0.0,0.0,0,0,0,0,0,0,0,0,0,0,0.0,0,0.0,0.0,0,0,0,0,0,0,0,0,23
6,3662,SUNBEAM CORP/FL/,12/22/1998,10-Q,199812,edgar/data/3662/0000950170-98-002401.txt,40,106,-0.45205479142428223,22,0.3937039250846782,8.957481570033872,1976,5019,106,34,0.007969715082685794,0.021119744969117355,0.021119744969117355,0.006774257820282925,0,0,0.0,0,0.0,0.0,0,0,0,0,0,0,0,0,0,0,0.0,0,0.0,0.0,0,0,0,0,0,0,0,0,34
7,3662,SUNBEAM CORP/FL/,12/22/1998,10-Q,199812,edgar/data/3662/0000950170-98-002402.txt,38,102,-0.45714285387755105,22,0.4064816776106757,8.96259267104427,1919,4721,109,32,0.00804914213090447,0.02160559203558568,0.02308832874391019,0.006778224952340606,0,0,0.0,0,0.0,0.0,0,0,0,0,0,0,0,0,0,0,0.0,0,0.0,0.0,0,0,0,0,0,0,0,0,32
8,3662,SUNBEAM CORP/FL/,03/31/1999,NT 10-K,199903,edgar/data/3662/0000950172-99-000362.txt,0,0,0.0,0,0.0,0.0,0,0,0,0,0.0,0.0,0.0,0.0,0,0,0.0,0,0.0,0.0,0,0,0,0,0,0,0,0,0,0,0.0,0,0.0,0.0,0,0,0,0,0,0,0,0,0
9,3662,SUNBEAM CORP/FL/,05/11/1999,10-K,199905,edgar/data/3662/0000950170-99-000775.txt,71,271,-0.5847953199274991,23,0.39665096807953953,9.358660387231817,3790,9555,180,74,0.007430664573521716,0.02836211407639979,0.018838304552590265,0.007744636316064888,0,0,0.0,0,0.0,0.0,0,0,0,0,0,0,0,0,0,0,0.0,0,0.0,0.0,0,0,0,0,0,0,0,0,74
10,3662,SUNBEAM CORP/FL/,05/17/1999,NT 10-Q,199905,edgar/data/3662/0000950172-99-000584.txt,0,0,0.0,0,0.0,0.0,0,0,0,0,0.0,0.0,0.0,0.0,0,0,0.0,0,0.0,0.0,0,0,0,0,0,0,0,0,0,0,0.0,0,0.0,0.0,0,0,0,0,0,0,0,0,0
11,3662,SUNBEAM CORP/FL/,06/11/1999,10-Q,199906,edgar/data/3662/0000950170-99-001005.txt,31,60,-0.31868131517932624,23,0.4121758737316798,9.364870349492673,1828,4435,120,29,0.006989853438556934,0.013528748590755355,0.02705749718151071,0.006538895152198422,0,0,0.0,0,0.0,0.0,0,0,0,0,0,0,0,0,0,0,0.0,0,0.0,0.0,0,0,0,0,0,0,0,0,29
12,3662,SUNBEAM CORP/FL/,08/16/1999,NT 10-Q,199908,edgar/data/3662/0000950172-99-001074.txt,0,0,0.0,0,0.0,0.0,0,0,0,0,0.0,0.0,0.0,0.0,0,0,0.0,0,0.0,0.0,0,0,0,0,0,0,0,0,0,0,0.0,0,0.0,0.0,0,0,0,0,0,0,0,0,0
13,3662,SUNBEAM CORP/FL/,08/19/1999,10-Q,199908,edgar/data/3662/0000950170-99-001361.txt,67,129,-0.316326528998334,21,0.4046900713110258,8.561876028524411,2951,7292,159,51,0.009188151398793198,0.017690619857377948,0.021804717498628633,0.0069939659901261655,0,0,0.0,0,0.0,0.0,0,0,0,0,0,0,0,0,0,0,0.0,0,0.0,0.0,0,0,0,0,0,0,0,0,51
14,3662,SUNBEAM CORP/FL/,11/08/1999,10-K/A,199911,edgar/data/3662/0000889812-99-003241.txt,0,0,0.0,21,0.4161073825503356,8.566442953020134,62,149,4,0,0.0,0.0,0.026845637583892617,0.0,0,0,0.0,0,0.0,0.0,0,0,0,0,0,0,0,0,0,0,0.0,0,0.0,0.0,0,0,0,0,0,0,0,0,0
15,3662,SUNBEAM CORP/FL/,11/08/1999,10-Q/A,199911,edgar/data/3662/0000950170-99-001639.txt,69,144,-0.3521126744032269,21,0.4011010113941877,8.560440404557676,3133,7811,172,59,0.008833696069645371,0.018435539623607732,0.02202022788375368,0.00755345026245039,0,0,0.0,0,0.0,0.0,0,0,0,0,0,0,0,0,0,0,0.0,0,0.0,0.0,0,0,0,0,0,0,0,0,59
16,3662,SUNBEAM CORP/FL/,11/08/1999,10-Q/A,199911,edgar/data/3662/0000950170-99-001640.txt,40,127,-0.5209580807128259,24,0.4090545512717965,9.76362182050872,2557,6251,151,48,0.00639897616381379,0.020316749320108782,0.024156135018397057,0.007678771396576548,0,0,0.0,0,0.0,0.0,0,0,0,0,0,0,0,0,0,0,0.0,0,0.0,0.0,0,0,0,0,0,0,0,0,48
17,3662,SUNBEAM CORP/FL/,11/15/1999,NT 10-Q,199911,edgar/data/3662/0000950172-99-001626.txt,0,0,0.0,0,0.0,0.0,0,0,0,0,0.0,0.0,0.0,0.0,0,0,0.0,0,0.0,0.0,0,0,0,0,0,0,0,0,0,0,0.0,0,0.0,0.0,0,0,0,0,0,0,0,0,0
18,3662,SUNBEAM CORP/FL/,11/19/1999,10-Q,199911,edgar/data/3662/0000950170-99-001856.txt,73,154,-0.35682819226066875,23,0.4010975609756098,9.360439024390244,3289,8200,174,59,0.008902439024390243,0.018780487804878048,0.021219512195121953,0.0071951219512195125,0,0,0.0,0,0.0,0.0,0,0,0,0,0,0,0,0,0,0,0.0,0,0.0,0.0,0,0,0,0,0,0,0,0,59
19,3982,ALLIS CHALMERS ENERGY INC.,03/22/2006,10-K,200603,edgar/data/3982/0000950129-06-002926.txt,0,0,0.0,0,0.0,0.0,0,0,0,0,0.0,0.0,0.0,0.0,0,0,0.0,0,0.0,0.0,0,0,0,0,0,0,0,0,0,0,0.0,0,0.0,0.0,0,0,0,0,0,0,0,0,0
20,3982,ALLIS CHALMERS ENERGY INC.,05/01/2006,10-K/A,200605,edgar/data/3982/0000950129-06-004690.txt,0,0,0.0,0,0.0,0.0,0,0,0,0,0.0,0.0,0.0,0.0,0,0,0.0,0,0.0,0.0,0,0,0,0,0,0,0,0,0,0,0.0,0,0.0,0.0,0,0,0,0,0,0,0,0,0
21,3982,ALLIS CHALMERS ENERGY INC.,05/10/2006,10-Q,200605,edgar/data/3982/0000950129-06-005244.txt,0,0,0.0,0,0.0,0.0,0,0,0,0,0.0,0.0,0.0,0.0,0,0,0.0,0,0.0,0.0,0,0,0,0,0,0,0,0,0,0,0.0,0,0.0,0.0,0,0,0,0,0,0,0,0,0
22,3982,ALLIS CHALMERS ENERGY INC.,07/24/2006,10-K/A,200607,edgar/data/3982/0000950129-06-007243.txt,0,0,0.0,0,0.0,0.0,0,0,0,0,0.0,0.0,0.0,0.0,0,0,0.0,0,0.0,0.0,0,0,0,0,0,0,0,0,0,0,0.0,0,0.0,0.0,0,0,0,0,0,0,0,0,0
23,3982,ALLIS CHALMERS ENERGY INC.,07/24/2006,10-Q/A,200607,edgar/data/3982/0000950129-06-007244.txt,0,0,0.0,0,0.0,0.0,0,0,0,0,0.0,0.0,0.0,0.0,0,0,0.0,0,0.0,0.0,0,0,0,0,0,0,0,0,0,0,0.0,0,0.0,0.0,0,0,0,0,0,0,0,0,0
24,3982,ALLIS CHALMERS ENERGY INC.,08/14/2006,10-Q,200608,edgar/data/3982/0000950129-06-007871.txt,0,0,0.0,0,0.0,0.0,0,0,0,0,0.0,0.0,0.0,0.0,0,0,0.0,0,0.0,0.0,0,0,0,0,0,0,0,0,0,0,0.0,0,0.0,0.0,0,0,0,0,0,0,0,0,0
25,3982,ALLIS CHALMERS ENERGY INC.,11/08/2006,10-Q,200611,edgar/data/3982/0000950129-06-009522.txt,0,0,0.0,0,0.0,0.0,0,0,0,0,0.0,0.0,0.0,0.0,0,0,0.0,0,0.0,0.0,0,0,0,0,0,0,0,0,31,106,-0.5474452514785019,28,0.4693777560019598,11.387751102400784,958,2041,106,40,0,0,0,0,40
26,3982,ALLIS CHALMERS ENERGY INC.,12/29/2006,10-Q/A,200612,edgar/data/3982/0000950134-06-023819.txt,0,0,0.0,0,0.0,0.0,0,0,0,0,0.0,0.0,0.0,0.0,0,0,0.0,0,0.0,0.0,0,0,0,0,0,0,0,0,0,0,0.0,0,0.0,0.0,0,0,0,0,0,0,0,0,0
27,3982,ALLIS CHALMERS ENERGY INC.,03/15/2007,10-K,200703,edgar/data/3982/0000950129-07-001381.txt,0,0,0.0,0,0.0,0.0,0,0,0,0,0.0,0.0,0.0,0.0,0,0,0.0,0,0.0,0.0,0,0,0,0,0,0,0,0,67,80,-0.08843537354805868,18,0.37617836301062396,7.35047134520425,2514,6683,79,50,0,0,0,0,50
28,3982,ALLIS CHALMERS ENERGY INC.,05/10/2007,10-Q,200705,edgar/data/3982/0000950129-07-002432.txt,0,0,0.0,0,0.0,0.0,0,0,0,0,0.0,0.0,0.0,0.0,0,0,0.0,0,0.0,0.0,0,0,0,0,0,0,0,0,0,2,-0.99999950000025,12,0.44680851063829785,4.9787234042553195,21,47,1,1,0,0,0,0,1
29,3982,ALLIS CHALMERS ENERGY INC.,08/09/2007,10-Q,200708,edgar/data/3982/0000950129-07-003918.txt,0,0,0.0,0,0.0,0.0,0,0,0,0,0.0,0.0,0.0,0.0,0,0,0.0,0,0.0,0.0,0,0,0,0,0,0,0,0,0,2,-0.99999950000025,12,0.4583333333333333,4.983333333333334,22,48,1,1,0,0,0,0,1
30,3982,ALLIS CHALMERS ENERGY INC.,11/06/2007,10-Q,200711,edgar/data/3982/0000950129-07-005361.txt,0,0,0.0,0,0.0,0.0,0,0,0,0,0.0,0.0,0.0,0.0,0,0,0.0,0,0.0,0.0,0,0,0,0,0,0,0,0,0,2,-0.99999950000025,12,0.4583333333333333,4.983333333333334,22,48,1,1,0,0,0,0,1
31,3982,ALLIS CHALMERS ENERGY INC.,03/07/2008,10-K,200803,edgar/data/3982/0000950129-08-001569.txt,0,0,0.0,0,0.0,0.0,0,0,0,0,0.0,0.0,0.0,0.0,0,0,0.0,0,0.0,0.0,0,0,0,0,0,0,0,0,65,85,-0.13333333244444445,18,0.37635135135135134,7.350540540540542,2785,7400,94,63,0,0,0,0,63
32,3982,ALLIS CHALMERS ENERGY INC.,04/29/2008,10-K/A,200804,edgar/data/3982/0000950129-08-002507.txt,0,0,0.0,0,0.0,0.0,0,0,0,0,0.0,0.0,0.0,0.0,0,0,0.0,0,0.0,0.0,0,0,0,0,0,0,0,0,0,0,0.0,0,0.0,0.0,0,0,0,0,0,0,0,0,0
33,4447,AMERADA HESS CORP,11/12/2003,10-Q,200311,edgar/data/4447/0000950123-03-012528.txt,0,0,0.0,0,0.0,0.0,0,0,0,0,0.0,0.0,0.0,0.0,0,0,0.0,3,0.5,1.4000000000000001,3,6,0,0,0,0,0,0,0,0,0.0,0,0.0,0.0,0,0,0,0,0,0,0,0,0
34,4447,AMERADA HESS CORP,03/12/2004,10-K,200403,edgar/data/4447/0000950123-04-003250.txt,0,0,0.0,0,0.0,0.0,0,0,0,0,0.0,0.0,0.0,0.0,0,0,0.0,4,0.25,1.7000000000000002,2,8,1,0,0,0,0,0,0,0,0.0,0,0.0,0.0,0,0,0,0,0,0,0,0,0
35,4447,AMERADA HESS CORP,03/15/2004,10-K/A,200403,edgar/data/4447/0000950123-04-003322.txt,0,0,0.0,0,0.0,0.0,0,0,0,0,0.0,0.0,0.0,0.0,0,0,0.0,0,0.0,0.0,0,0,0,0,0,0,0,0,0,0,0.0,0,0.0,0.0,0,0,0,0,0,0,0,0,0
36,4447,AMERADA HESS CORP,05/07/2004,10-Q,200405,edgar/data/4447/0000950123-04-005950.txt,0,0,0.0,0,0.0,0.0,0,0,0,0,0.0,0.0,0.0,0.0,0,0,0.0,7,0.45454545454545453,2.981818181818182,10,22,1,1,0,0,0,0,0,0,0.0,0,0.0,0.0,0,0,0,0,0,0,0,0,1
37,4447,AMERADA HESS CORP,08/06/2004,10-Q,200408,edgar/data/4447/0000950123-04-009350.txt,0,0,0.0,0,0.0,0.0,0,0,0,0,0.0,0.0,0.0,0.0,0,0,0.0,7,0.45454545454545453,2.981818181818182,10,22,2,1,0,0,0,0,0,0,0.0,0,0.0,0.0,0,0,0,0,0,0,0,0,1
38,4447,AMERADA HESS CORP,11/05/2004,10-Q,200411,edgar/data/4447/0000950123-04-013054.txt,0,0,0.0,0,0.0,0.0,0,0,0,0,0.0,0.0,0.0,0.0,0,0,0.0,11,0.45454545454545453,4.581818181818182,10,22,1,1,0,0,0,0,0,0,0.0,0,0.0,0.0,0,0,0,0,0,0,0,0,1
39,4447,AMERADA HESS CORP,03/14/2005,10-K,200503,edgar/data/4447/0000950123-05-003078.txt,0,0,0.0,0,0.0,0.0,0,0,0,0,0.0,0.0,0.0,0.0,0,0,0.0,0,0.0,0.0,0,0,0,0,0,0,0,0,0,0,0.0,0,0.0,0.0,0,0,0,0,0,0,0,0,0
40,4447,AMERADA HESS CORP,05/06/2005,10-Q,200505,edgar/data/4447/0000950123-05-005767.txt,0,0,0.0,0,0.0,0.0,0,0,0,0,0.0,0.0,0.0,0.0,0,0,0.0,11,0.45454545454545453,4.581818181818182,10,22,1,1,0,0,0,0,0,0,0.0,0,0.0,0.0,0,0,0,0,0,0,0,0,1
41,4447,AMERADA HESS CORP,08/05/2005,10-Q,200508,edgar/data/4447/0000950123-05-009475.txt,0,0,0.0,0,0.0,0.0,0,0,0,0,0.0,0.0,0.0,0.0,0,0,0.0,11,0.45454545454545453,4.581818181818182,10,22,1,1,0,0,0,0,0,0,0.0,0,0.0,0.0,0,0,0,0,0,0,0,0,1
42,4447,AMERADA HESS CORP,11/07/2005,10-Q,200511,edgar/data/4447/0000950123-05-013153.txt,0,0,0.0,0,0.0,0.0,0,0,0,0,0.0,0.0,0.0,0.0,0,0,0.0,10,0.5714285714285714,4.228571428571429,12,21,0,1,0,0,0,0,0,0,0.0,0,0.0,0.0,0,0,0,0,0,0,0,0,1
43,4457,AMERCO /NV/,11/08/1999,10-Q,199911,edgar/data/4457/0000004457-99-000043.txt,12,60,-0.6666666574074076,17,0.37047551454932576,6.948190205819731,1566,4227,33,16,0.0028388928317956,0.014194464158977998,0.007806955287437899,0.003785190442394133,0,0,0.0,9,0.2222222222222222,3.6888888888888887,8,36,2,0,0,0,0,0,0,0,0.0,0,0.0,0.0,0,0,0,0,0,0,0,0,16
44,4457,AMERCO /NV/,02/10/2000,10-Q,200002,edgar/data/4457/0000004457-00-000018.txt,10,46,-0.6428571313775513,18,0.3819108280254777,7.352764331210192,1499,3925,29,14,0.0025477707006369425,0.011719745222929937,0.007388535031847133,0.0035668789808917197,0,0,0.0,8,0.23529411764705882,3.2941176470588234,8,34,1,0,0,0,0,0,0,0,0.0,0,0.0,0.0,0,0,0,0,0,0,0,0,14
45,4457,AMERCO /NV/,06/29/2000,10-K,200006,edgar/data/4457/0000004457-00-000067.txt,0,1,-0.9999990000010001,14,0.37341772151898733,5.749367088607595,59,158,1,0,0.0,0.006329113924050633,0.006329113924050633,0.0,1,2,-0.33333322222225925,14,0.45222929936305734,5.780891719745224,71,157,11,1,0,0,0,0,0,0,0.0,0,0.0,0.0,0,0,0,0,0,0,0,0,1
46,4457,AMERCO /NV/,08/11/2000,10-Q,200008,edgar/data/4457/0000004457-00-000080.txt,9,35,-0.5909090774793392,19,0.35912698412698413,7.743650793650794,724,2016,19,11,0.004464285714285714,0.017361111111111112,0.009424603174603174,0.005456349206349206,0,0,0.0,9,0.25,3.7,9,36,2,0,0,0,0,0,0,0,0.0,0,0.0,0.0,0,0,0,0,0,0,0,0,11
47,4457,AMERCO /NV/,11/13/2000,10-Q,200011,edgar/data/4457/0000004457-00-000105.txt,7,22,-0.5172413614744358,17,0.3965287049399199,6.958611481975969,891,2247,18,7,0.003115264797507788,0.009790832220738763,0.00801068090787717,0.003115264797507788,0,0,0.0,9,0.25,3.7,9,36,2,0,0,0,0,0,0,0,0.0,0,0.0,0.0,0,0,0,0,0,0,0,0,7
48,4457,AMERCO /NV/,02/14/2001,10-Q,200102,edgar/data/4457/0000004457-01-500024.txt,7,31,-0.6315789307479229,16,0.4110350727117194,6.564414029084688,961,2338,19,7,0.0029940119760479044,0.013259195893926433,0.008126603934987169,0.0029940119760479044,0,0,0.0,9,0.25,3.7,9,36,2,0,0,0,0,0,0,0,0.0,0,0.0,0.0,0,0,0,0,0,0,0,0,7
49,4457,AMERCO /NV/,07/02/2001,10-K,200107,edgar/data/4457/0000004457-01-500063.txt,17,57,-0.5405405332359388,20,0.36580833554552694,8.146323334218211,1378,3767,25,13,0.004512874966817096,0.01513140430050438,0.006636580833554553,0.0034510220334483675,1,1,0.0,12,0.47435897435897434,4.98974358974359,74,156,13,1,0,0,0,0,0,0,0.0,0,0.0,0.0,0,0,0,0,0,0,0,0,14
50,4457,AMERCO /NV/,07/02/2001,NT 10-K,200107,edgar/data/4457/0000004457-01-500060.txt,0,0,0.0,0,0.0,0.0,0,0,0,0,0.0,0.0,0.0,0.0,0,0,0.0,0,0.0,0.0,0,0,0,0,0,0,0,0,0,0,0.0,0,0.0,0.0,0,0,0,0,0,0,0,0,0
51,4457,AMERCO /NV/,08/10/2001,10-Q,200108,edgar/data/4457/0000004457-01-500081.txt,6,19,-0.5199999792000009,17,0.4050857480780603,6.962034299231225,685,1691,20,10,0.0035481963335304554,0.011235955056179775,0.011827321111768185,0.0059136605558840925,0,0,0.0,9,0.25,3.7,9,36,2,0,0,0,0,0,0,0,0.0,0,0.0,0.0,0,0,0,0,0,0,0,0,10
52,4457,AMERCO /NV/,08/10/2001,10-Q/A,200108,edgar/data/4457/0000004457-01-500083.txt,8,39,-0.6595744540516074,17,0.3946360153256705,6.957854406130268,1030,2610,21,7,0.0030651340996168583,0.014942528735632184,0.008045977011494253,0.0026819923371647508,0,0,0.0,9,0.25,3.7,9,36,2,0,0,0,0,0,0,0,0.0,0,0.0,0.0,0,0,0,0,0,0,0,0,7
53,4515,AMERICAN AIRLINES INC,10/16/2008,10-Q,200810,edgar/data/4515/0000004515-08-000073.txt,0,0,0.0,0,0.0,0.0,0,0,0,0,0.0,0.0,0.0,0.0,0,0,0.0,0,0.0,0.0,0,0,0,0,0,0,0,0,24,40,-0.24999999609375007,51,0.40207253886010363,20.560829015544044,1164,2895,33,56,0,0,0,0,56
54,4515,AMERICAN AIRLINES INC,02/19/2009,10-K,200902,edgar/data/4515/0000004515-09-000008.txt,0,0,0.0,0,0.0,0.0,0,0,0,0,0.0,0.0,0.0,0.0,0,0,0.0,0,0.0,0.0,0,0,0,0,0,0,0,0,0,0,0.0,0,0.0,0.0,0,0,0,0,0,0,0,0,0
55,4515,AMERICAN AIRLINES INC,04/16/2009,10-Q,200904,edgar/data/4515/0000004515-09-000018.txt,33,70,-0.359223297483269,51,0.40618382041507833,20.562473528166034,959,2361,46,25,0.01397712833545108,0.02964845404489623,0.019483269800931808,0.010588733587462939,0,0,0.0,0,0.0,0.0,0,0,0,0,0,0,0,0,9,13,-0.18181817355371938,60,0.4479166666666667,24.179166666666667,215,480,9,13,0,0,0,0,38
56,4515,AMERICAN AIRLINES INC,07/15/2009,10-Q,200907,edgar/data/4515/0000004515-09-000029.txt,60,136,-0.387755100062474,54,0.3823627844712182,21.75294511378849,2285,5976,93,91,0.010040160642570281,0.022757697456492636,0.015562248995983935,0.015227576974564927,0,0,0.0,0,0.0,0.0,0,0,0,0,0,0,0,0,0,0,0.0,0,0.0,0.0,0,0,0,0,0,0,0,0,91
57,4515,AMERICAN AIRLINES INC,10/21/2009,10-Q,200910,edgar/data/4515/0000004515-09-000039.txt,35,77,-0.37499999665178574,108,0.39896654881697036,43.359586619526794,1467,3677,93,49,0.009518629317378298,0.020940984498232253,0.025292357900462335,0.013326081044329616,9,24,-0.45454544077135034,68,0.34488734835355284,27.337954939341422,398,1154,21,2,0,0,0,0,52,199,-0.585657368184632,28,0.4596723377441714,11.383868935097668,1459,3174,120,65,0,0,0,0,116
58,4515,AMERICAN AIRLINES INC,11/06/2009,10-Q/A,200911,edgar/data/4515/0000004515-09-000041.txt,0,0,0.0,0,0.0,0.0,0,0,0,0,0.0,0.0,0.0,0.0,0,0,0.0,0,0.0,0.0,0,0,0,0,0,0,0,0,0,0,0.0,0,0.0,0.0,0,0,0,0,0,0,0,0,0
59,4515,AMERICAN AIRLINES INC,02/17/2010,10-K,201002,edgar/data/4515/0000004515-10-000006.txt,66,95,-0.1801242224837005,110,0.4110950113848065,44.16443800455392,1986,4831,105,69,0.013661767749948251,0.01966466570068309,0.021734630511281307,0.014282757193127717,0,0,0.0,0,0.0,0.0,0,0,0,0,0,0,0,0,59,231,-0.5931034462306778,34,0.45754598135550517,13.783018392542203,1816,3969,164,88,0,0,0,0,157
60,4515,AMERICAN AIRLINES INC,04/21/2010,10-Q,201004,edgar/data/4515/0000004515-10-000016.txt,52,77,-0.19379844811008956,80,0.4154187465335552,32.166167498613426,1498,3606,81,53,0.014420410427066,0.021353300055463115,0.022462562396006656,0.014697726012201887,4,8,-0.3333333055555579,203,0.32019704433497537,81.328078817734,130,406,21,2,0,0,0,0,0,0,0.0,0,0.0,0.0,0,0,0,0,0,0,0,0,55
61,4515,AMERICAN AIRLINES INC,07/21/2010,10-Q,201007,edgar/data/4515/0000950123-10-066865.txt,0,0,0.0,0,0.0,0.0,0,0,0,0,0.0,0.0,0.0,0.0,4,6,-0.19999998000000202,20,0.35733333333333334,8.142933333333334,134,375,19,2,0,0,0,0,0,0,0.0,0,0.0,0.0,0,0,0,0,0,0,0,0,2
62,4515,AMERICAN AIRLINES INC,10/20/2010,10-Q,201010,edgar/data/4515/0000950123-10-094615.txt,0,0,0.0,0,0.0,0.0,0,0,0,0,0.0,0.0,0.0,0.0,4,6,-0.19999998000000202,20,0.36164383561643837,8.144657534246575,132,365,18,1,0,0,0,0,0,0,0.0,0,0.0,0.0,0,0,0,0,0,0,0,0,1
63,4962,AMERICAN EXPRESS CO,04/29/2014,10-Q,201404,edgar/data/4962/0001193125-14-167067.txt,0,0,0.0,0,0.0,0.0,0,0,0,0,0.0,0.0,0.0,0.0,18,42,-0.39999999333333347,75,0.48284518828451883,30.193138075313808,577,1195,45,16,0,0,0,0,0,1,-0.9999990000010001,11,0.1791044776119403,4.471641791044776,12,67,10,0,0,0,0,0,16
64,4962,AMERICAN EXPRESS CO,07/30/2014,10-Q,201407,edgar/data/4962/0001193125-14-286961.txt,0,0,0.0,0,0.0,0.0,0,0,0,0,0.0,0.0,0.0,0.0,18,111,-0.7209302269695331,30,0.4404008438818565,12.176160337552744,835,1896,63,18,0,0,0,0,105,110,-0.023255813845321795,32,0.31324426372349695,12.925297705489399,4314,13772,150,80,0,0,0,0,98
65,5588,AMERICAN PAD & PAPER CO,11/06/1996,10-Q,199611,edgar/data/5588/0000930661-96-001510.txt,11,6,0.2941176297577865,22,0.3554933519944017,8.94219734079776,508,1429,17,8,0.007697690692792162,0.004198740377886634,0.011896431070678797,0.005598320503848845,0,0,0.0,0,0.0,0.0,0,0,0,0,0,0,0,0,0,0,0.0,0,0.0,0.0,0,0,0,0,0,0,0,0,8
66,5588,AMERICAN PAD & PAPER CO,03/31/1997,10-K,199703,edgar/data/5588/0000950134-97-002428.txt,0,0,0.0,0,0.0,0.0,0,0,0,0,0.0,0.0,0.0,0.0,0,0,0.0,0,0.0,0.0,0,0,0,0,0,0,0,0,0,0,0.0,0,0.0,0.0,0,0,0,0,0,0,0,0,0
67,5588,AMERICAN PAD & PAPER CO,05/15/1997,10-Q,199705,edgar/data/5588/0000950134-97-003934.txt,0,0,0.0,0,0.0,0.0,0,0,0,0,0.0,0.0,0.0,0.0,0,0,0.0,0,0.0,0.0,0,0,0,0,0,0,0,0,0,0,0.0,0,0.0,0.0,0,0,0,0,0,0,0,0,0
68,5588,AMERICAN PAD & PAPER CO,08/14/1997,10-Q,199708,edgar/data/5588/0000950134-97-006223.txt,0,0,0.0,0,0.0,0.0,0,0,0,0,0.0,0.0,0.0,0.0,0,0,0.0,0,0.0,0.0,0,0,0,0,0,0,0,0,0,0,0.0,0,0.0,0.0,0,0,0,0,0,0,0,0,0
69,5588,AMERICAN PAD & PAPER CO,11/14/1997,10-Q,199711,edgar/data/5588/0000950134-97-008577.txt,0,0,0.0,0,0.0,0.0,0,0,0,0,0.0,0.0,0.0,0.0,0,0,0.0,0,0.0,0.0,0,0,0,0,0,0,0,0,0,0,0.0,0,0.0,0.0,0,0,0,0,0,0,0,0,0
70,5588,AMERICAN PAD & PAPER CO,03/27/1998,10-K,199803,edgar/data/5588/0000950134-98-002477.txt,16,40,-0.42857142091836753,19,0.37863786378637865,7.7514551455145515,1262,3333,36,15,0.004800480048004801,0.012001200120012,0.010801080108010801,0.004500450045004501,0,0,0.0,0,0.0,0.0,0,0,0,0,0,0,0,0,0,0,0.0,0,0.0,0.0,0,0,0,0,0,0,0,0,15
71,5588,AMERICAN PAD & PAPER CO,05/14/1998,10-Q,199805,edgar/data/5588/0000950134-98-004241.txt,0,0,0.0,0,0.0,0.0,0,0,0,0,0.0,0.0,0.0,0.0,0,0,0.0,0,0.0,0.0,0,0,0,0,0,0,0,0,0,0,0.0,0,0.0,0.0,0,0,0,0,0,0,0,0,0
72,5588,AMERICAN PAD & PAPER CO,08/14/1998,10-Q,199808,edgar/data/5588/0000950134-98-006988.txt,0,0,0.0,0,0.0,0.0,0,0,0,0,0.0,0.0,0.0,0.0,0,1,-0.9999990000010001,13,0.43137254901960786,5.372549019607844,22,51,1,1,0,0,0,0,0,0,0.0,0,0.0,0.0,0,0,0,0,0,0,0,0,1
73,5588,AMERICAN PAD & PAPER CO,11/13/1998,10-Q,199811,edgar/data/5588/0000005588-98-000008.txt,0,0,0.0,0,0.0,0.0,0,0,0,0,0.0,0.0,0.0,0.0,0,1,-0.9999990000010001,12,0.3877551020408163,4.955102040816327,19,49,0,1,0,0,0,0,0,0,0.0,0,0.0,0.0,0,0,0,0,0,0,0,0,1
74,5588,AMERICAN PAD & PAPER CO,11/16/1998,10-Q/A,199811,edgar/data/5588/0000005588-98-000010.txt,0,0,0.0,0,0.0,0.0,0,0,0,0,0.0,0.0,0.0,0.0,0,0,0.0,0,0.0,0.0,0,0,0,0,0,0,0,0,0,0,0.0,0,0.0,0.0,0,0,0,0,0,0,0,0,0
75,5907,AT&T CORP,08/13/1999,10-Q,199908,edgar/data/5907/0000005907-99-000027.txt,0,0,0.0,0,0.0,0.0,0,0,0,0,0.0,0.0,0.0,0.0,0,0,0.0,0,0.0,0.0,0,0,0,0,0,0,0,0,0,0,0.0,0,0.0,0.0,0,0,0,0,0,0,0,0,0
76,5907,AT&T CORP,11/15/1999,10-Q,199911,edgar/data/5907/0000005907-99-000037.txt,0,0,0.0,0,0.0,0.0,0,0,0,0,0.0,0.0,0.0,0.0,0,0,0.0,0,0.0,0.0,0,0,0,0,0,0,0,0,0,0,0.0,0,0.0,0.0,0,0,0,0,0,0,0,0,0
77,5907,AT&T CORP,03/27/2000,10-K,200003,edgar/data/5907/0000005907-00-000014.txt,0,0,0.0,0,0.0,0.0,0,0,0,0,0.0,0.0,0.0,0.0,0,0,0.0,0,0.0,0.0,0,0,0,0,0,0,0,0,0,0,0.0,0,0.0,0.0,0,0,0,0,0,0,0,0,0
78,5907,AT&T CORP,05/15/2000,10-Q,200005,edgar/data/5907/0000005907-00-000025.txt,0,0,0.0,0,0.0,0.0,0,0,0,0,0.0,0.0,0.0,0.0,0,0,0.0,0,0.0,0.0,0,0,0,0,0,0,0,0,0,0,0.0,0,0.0,0.0,0,0,0,0,0,0,0,0,0
79,5907,AT&T CORP,08/14/2000,10-Q,200008,edgar/data/5907/0000005907-00-000031.txt,0,0,0.0,0,0.0,0.0,0,0,0,0,0.0,0.0,0.0,0.0,0,0,0.0,0,0.0,0.0,0,0,0,0,0,0,0,0,0,0,0.0,0,0.0,0.0,0,0,0,0,0,0,0,0,0
80,5907,AT&T CORP,11/14/2000,10-Q,200011,edgar/data/5907/0000005907-00-000038.txt,0,0,0.0,0,0.0,0.0,0,0,0,0,0.0,0.0,0.0,0.0,0,0,0.0,0,0.0,0.0,0,0,0,0,0,0,0,0,0,0,0.0,0,0.0,0.0,0,0,0,0,0,0,0,0,0
81,5907,AT&T CORP,01/26/2001,10-K/A,200101,edgar/data/5907/0000005907-01-000002.txt,0,0,0.0,0,0.0,0.0,0,0,0,0,0.0,0.0,0.0,0.0,0,0,0.0,0,0.0,0.0,0,0,0,0,0,0,0,0,0,0,0.0,0,0.0,0.0,0,0,0,0,0,0,0,0,0
82,5907,AT&T CORP,04/02/2001,10-K405,200104,edgar/data/5907/0000005907-01-000012.txt,113,205,-0.2893081751908548,21,0.38195590948820046,8.55278236379528,3933,10297,191,43,0.010974070117509954,0.01990871127512868,0.018549091968534524,0.0041759735845391865,0,0,0.0,0,0.0,0.0,0,0,0,0,0,0,0,0,0,0,0.0,0,0.0,0.0,0,0,0,0,0,0,0,0,43
83,5907,AT&T CORP,04/17/2001,10-K405/A,200104,edgar/data/5907/0000005907-01-000015.txt,164,293,-0.2822757105420663,21,0.37842228774294484,8.551368915097179,6289,16619,266,88,0.009868223118117816,0.01763042300980805,0.01600577652084963,0.00529514411216078,0,0,0.0,0,0.0,0.0,0,0,0,0,0,0,0,0,0,0,0.0,0,0.0,0.0,0,0,0,0,0,0,0,0,88
84,5907,AT&T CORP,05/15/2001,10-Q,200105,edgar/data/5907/0000950123-01-502538.txt,0,0,0.0,0,0.0,0.0,0,0,0,0,0.0,0.0,0.0,0.0,0,0,0.0,0,0.0,0.0,0,0,0,0,0,0,0,0,0,0,0.0,0,0.0,0.0,0,0,0,0,0,0,0,0,0
85,5907,AT&T CORP,07/03/2001,10-Q/A,200107,edgar/data/5907/0000950123-01-504075.txt,0,0,0.0,0,0.0,0.0,0,0,0,0,0.0,0.0,0.0,0.0,0,0,0.0,0,0.0,0.0,0,0,0,0,0,0,0,0,0,0,0.0,0,0.0,0.0,0,0,0,0,0,0,0,0,0
86,5907,AT&T CORP,08/10/2001,10-Q/A,200108,edgar/data/5907/0000950123-01-505366.txt,0,0,0.0,0,0.0,0.0,0,0,0,0,0.0,0.0,0.0,0.0,0,0,0.0,0,0.0,0.0,0,0,0,0,0,0,0,0,0,0,0.0,0,0.0,0.0,0,0,0,0,0,0,0,0,0
87,5907,AT&T CORP,08/14/2001,10-Q,200108,edgar/data/5907/0000950123-01-505598.txt,0,0,0.0,0,0.0,0.0,0,0,0,0,0.0,0.0,0.0,0.0,0,0,0.0,0,0.0,0.0,0,0,0,0,0,0,0,0,0,0,0.0,0,0.0,0.0,0,0,0,0,0,0,0,0,0
88,6071,AMES DEPARTMENT STORES INC,09/02/1998,10-Q,199809,edgar/data/6071/0000006071-98-000023.txt,0,0,0.0,0,0.0,0.0,0,0,0,0,0.0,0.0,0.0,0.0,0,0,0.0,0,0.0,0.0,0,0,0,0,0,0,0,0,0,0,0.0,0,0.0,0.0,0,0,0,0,0,0,0,0,0
89,6071,AMES DEPARTMENT STORES INC,12/10/1998,10-Q,199812,edgar/data/6071/0000006071-98-000026.txt,0,0,0.0,0,0.0,0.0,0,0,0,0,0.0,0.0,0.0,0.0,0,0,0.0,0,0.0,0.0,0,0,0,0,0,0,0,0,0,0,0.0,0,0.0,0.0,0,0,0,0,0,0,0,0,0
90,6071,AMES DEPARTMENT STORES INC,04/05/1999,10-K,199904,edgar/data/6071/0000889812-99-001116.txt,13,21,-0.23529411072664383,24,0.31004366812227074,9.72401746724891,355,1145,5,1,0.011353711790393014,0.01834061135371179,0.004366812227074236,0.0008733624454148472,0,0,0.0,0,0.0,0.0,0,0,0,0,0,0,0,0,0,0,0.0,0,0.0,0.0,0,0,0,0,0,0,0,0,1
91,6071,AMES DEPARTMENT STORES INC,06/15/1999,10-Q,199906,edgar/data/6071/0000006071-99-000013.txt,0,0,0.0,0,0.0,0.0,0,0,0,0,0.0,0.0,0.0,0.0,0,0,0.0,0,0.0,0.0,0,0,0,0,0,0,0,0,0,0,0.0,0,0.0,0.0,0,0,0,0,0,0,0,0,0
92,6071,AMES DEPARTMENT STORES INC,09/14/1999,10-Q,199909,edgar/data/6071/0000006071-99-000015.txt,0,0,0.0,0,0.0,0.0,0,0,0,0,0.0,0.0,0.0,0.0,0,0,0.0,0,0.0,0.0,0,0,0,0,0,0,0,0,0,0,0.0,0,0.0,0.0,0,0,0,0,0,0,0,0,0
93,6071,AMES DEPARTMENT STORES INC,12/14/1999,10-Q,199912,edgar/data/6071/0000006071-99-000017.txt,0,0,0.0,0,0.0,0.0,0,0,0,0,0.0,0.0,0.0,0.0,0,0,0.0,0,0.0,0.0,0,0,0,0,0,0,0,0,0,0,0.0,0,0.0,0.0,0,0,0,0,0,0,0,0,0
94,6071,AMES DEPARTMENT STORES INC,04/11/2000,10-K,200004,edgar/data/6071/0000006071-00-000002.txt,27,45,-0.24999999652777782,21,0.36027568922305764,8.544110275689224,1150,3192,32,13,0.008458646616541353,0.014097744360902255,0.010025062656641603,0.004072681704260651,0,0,0.0,0,0.0,0.0,0,0,0,0,0,0,0,0,0,0,0.0,0,0.0,0.0,0,0,0,0,0,0,0,0,13
95,6071,AMES DEPARTMENT STORES INC,06/13/2000,10-Q,200006,edgar/data/6071/0000006071-00-000011.txt,4,20,-0.66666663888889,21,0.3302919708029197,8.532116788321167,362,1096,27,7,0.0036496350364963502,0.01824817518248175,0.024635036496350366,0.006386861313868613,0,1,-0.9999990000010001,11,0.3974358974358974,4.55897435897436,31,78,8,0,0,0,0,0,0,0,0.0,0,0.0,0.0,0,0,0,0,0,0,0,0,7
96,6201,AMR CORP,08/16/1999,10-Q,199908,edgar/data/6201/0000006201-99-000023.txt,13,59,-0.6388888800154322,30,0.3629129491198457,12.14516517964794,1505,4147,53,15,0.003134796238244514,0.01422715215818664,0.01278032312515071,0.003617072582589824,0,0,0.0,6,0.46153846153846156,2.5846153846153848,6,13,0,0,0,0,0,0,0,0,0.0,0,0.0,0.0,0,0,0,0,0,0,0,0,15
97,6201,AMR CORP,11/05/1999,10-Q,199911,edgar/data/6201/0000006201-99-000028.txt,14,55,-0.5942028899390885,29,0.3729641693811075,11.749185667752442,1603,4298,59,17,0.003257328990228013,0.012796649604467194,0.013727315030246627,0.003955328059562588,0,0,0.0,9,0.25,3.7,9,36,2,0,0,0,0,0,0,0,0.0,0,0.0,0.0,0,0,0,0,0,0,0,0,17
98,6201,AMR CORP,03/27/2000,10-K405,200003,edgar/data/6201/0000950134-00-002454.txt,21,59,-0.4749999940625001,23,0.39227821986442674,9.35691128794577,1331,3393,58,25,0.00618921308576481,0.017388741526672562,0.017094017094017096,0.0073681108163866785,0,0,0.0,0,0.0,0.0,0,0,0,0,0,0,0,0,0,0,0.0,0,0.0,0.0,0,0,0,0,0,0,0,0,25
99,6201,AMR CORP,05/11/2000,10-Q,200005,edgar/data/6201/0000006201-00-000009.txt,7,21,-0.49999998214285774,32,0.3542682926829268,12.94170731707317,581,1640,16,14,0.00426829268292683,0.012804878048780487,0.00975609756097561,0.00853658536585366,0,0,0.0,9,0.2571428571428571,3.702857142857143,9,35,2,0,0,0,0,0,0,0,0.0,0,0.0,0.0,0,0,0,0,0,0,0,0,14
100,6201,AMR CORP,07/28/2000,10-Q,200007,edgar/data/6201/0000950134-00-006067.txt,15,22,-0.18918918407596802,31,0.34368530020703936,12.537474120082816,830,2415,26,14,0.006211180124223602,0.009109730848861283,0.010766045548654244,0.005797101449275362,0,0,0.0,10,0.3157894736842105,4.126315789473685,12,38,2,0,0,0,0,0,0,0,0.0,0,0.0,0.0,0,0,0,0,0,0,0,0,14
101,6201,AMR CORP,10/26/2000,10-Q,200010,edgar/data/6201/0000006201-00-000017.txt,19,14,0.15151514692378343,33,0.3386103781882146,13.335444151275286,770,2274,20,6,0.008355321020228672,0.006156552330694811,0.008795074758135445,0.002638522427440633,0,3,-0.9999996666667778,16,0.3888888888888889,6.555555555555556,56,144,8,2,0,0,0,0,0,0,0.0,0,0.0,0.0,0,0,0,0,0,0,0,0,8
102,6201,AMR CORP,03/22/2001,10-K405,200103,edgar/data/6201/0000950134-01-002483.txt,42,48,-0.06666666592592593,22,0.3862049706785814,8.954481988271432,1383,3581,66,17,0.011728567439262776,0.013404077073443172,0.018430605975984362,0.004747277296844457,0,0,0.0,0,0.0,0.0,0,0,0,0,0,0,0,0,0,0,0.0,0,0.0,0.0,0,0,0,0,0,0,0,0,17
103,6201,AMR CORP,04/24/2001,10-Q,200104,edgar/data/6201/0000950134-01-500665.txt,9,10,-0.05263157617728546,29,0.3518776077885953,11.740751043115438,506,1438,21,8,0.006258692628650904,0.006954102920723227,0.014603616133518776,0.005563282336578581,0,0,0.0,20,0.2907801418439716,8.11631205673759,41,141,5,3,0,0,0,0,0,0,0.0,0,0.0,0.0,0,0,0,0,0,0,0,0,11
104,6201,AMR CORP,08/13/2001,10-Q,200108,edgar/data/6201/0000006201-01-500032.txt,10,27,-0.4594594470416366,31,0.3347050754458162,12.533882030178326,976,2916,40,10,0.003429355281207133,0.009259259259259259,0.013717421124828532,0.003429355281207133,0,0,0.0,20,0.3008130081300813,8.120325203252033,37,123,3,2,0,0,0,0,0,0,0.0,0,0.0,0.0,0,0,0,0,0,0,0,0,12
105,6201,AMR CORP,10/25/2001,10-Q,200110,edgar/data/6201/0000006201-01-500047.txt,14,56,-0.5999999914285715,28,0.3713991769547325,11.348559670781894,1444,3888,70,21,0.00360082304526749,0.01440329218106996,0.01800411522633745,0.005401234567901234,0,0,0.0,18,0.3225806451612903,7.329032258064517,40,124,4,3,0,0,0,0,0,0,0.0,0,0.0,0.0,0,0,0,0,0,0,0,0,24
106,6201,AMR CORP,02/28/2002,10-K405,200202,edgar/data/6201/0000950134-02-001661.txt,34,76,-0.38181817834710746,23,0.39811155028546336,9.359244620114186,1813,4554,107,44,0.007465963987703118,0.01668862538427756,0.023495827843653932,0.00966183574879227,0,0,0.0,0,0.0,0.0,0,0,0,0,0,0,0,0,0,0,0.0,0,0.0,0.0,0,0,0,0,0,0,0,0,44
107,6201,AMR CORP,04/18/2002,10-Q,200204,edgar/data/6201/0000006201-02-000015.txt,6,15,-0.4285714081632663,30,0.3484584060500291,12.139383362420013,599,1719,22,4,0.0034904013961605585,0.008726003490401396,0.012798138452588714,0.002326934264107039,0,0,0.0,10,0.23333333333333334,4.093333333333333,7,30,2,0,0,0,0,0,0,0,0.0,0,0.0,0.0,0,0,0,0,0,0,0,0,4
108,6201,AMR CORP,07/19/2002,10-Q,200207,edgar/data/6201/0000006201-02-000035.txt,12,46,-0.5862068864447089,31,0.3428477690288714,12.53713910761155,1045,3048,28,12,0.003937007874015748,0.015091863517060367,0.009186351706036745,0.003937007874015748,0,0,0.0,9,0.25,3.7,7,28,2,0,0,0,0,0,0,0,0.0,0,0.0,0.0,0,0,0,0,0,0,0,0,12
109,6201,AMR CORP,10/18/2002,10-Q,200210,edgar/data/6201/0000006201-02-000052.txt,35,61,-0.2708333305121528,30,0.37443573295319554,12.149774293181279,1576,4209,46,16,0.00831551437396056,0.014492753623188406,0.01092896174863388,0.003801377999524828,0,0,0.0,8,0.24,3.2960000000000003,6,25,2,0,0,0,0,0,0,0,0.0,0,0.0,0.0,0,0,0,0,0,0,0,0,16
110,6201,AMR CORP,10/18/2002,10-Q/A,200210,edgar/data/6201/0000950134-02-012680.txt,8,16,-0.333333319444445,31,0.3496027241770715,12.53984108967083,616,1762,22,5,0.004540295119182747,0.009080590238365494,0.012485811577752554,0.0028376844494892167,0,0,0.0,9,0.32142857142857145,3.7285714285714286,9,28,2,0,0,0,0,0,0,0,0.0,0,0.0,0.0,0,0,0,0,0,0,0,0,5
111,6201,AMR CORP,10/18/2002,10-Q/A,200210,edgar/data/6201/0000950134-02-012682.txt,13,37,-0.47999999040000024,33,0.33378469871360866,13.333513879485444,986,2954,25,8,0.004400812457684496,0.012525389302640487,0.008463100880162491,0.002708192281651997,0,0,0.0,9,0.3076923076923077,3.7230769230769236,8,26,2,0,0,0,0,0,0,0,0.0,0,0.0,0.0,0,0,0,0,0,0,0,0,8
112,6201,AMR CORP,04/01/2003,NT 10-K,200304,edgar/data/6201/0000006201-03-000012.txt,0,0,0.0,0,0.0,0.0,0,0,0,0,0.0,0.0,0.0,0.0,0,0,0.0,0,0.0,0.0,0,0,0,0,0,0,0,0,0,0,0.0,0,0.0,0.0,0,0,0,0,0,0,0,0,0
113,6201,AMR CORP,04/15/2003,10-K,200304,edgar/data/6201/0001047469-03-013301.txt,68,142,-0.35238095070294784,19,0.4131070801638385,7.765242832065536,2824,6836,141,89,0.00994733762434172,0.02077238150965477,0.020626097132826215,0.013019309537741369,0,0,0.0,0,0.0,0.0,0,0,0,0,0,0,0,0,0,0,0.0,0,0.0,0.0,0,0,0,0,0,0,0,0,89
114,6201,AMR CORP,05/15/2003,10-Q,200305,edgar/data/6201/0000006201-03-000030.txt,22,45,-0.34328357696591677,26,0.3813435024933998,10.55253740099736,1300,3409,50,26,0.006453505426811381,0.013200352009386917,0.014667057788207686,0.007626870049867997,0,0,0.0,9,0.2222222222222222,3.6888888888888887,6,27,2,0,0,0,0,0,0,0,0.0,0,0.0,0.0,0,0,0,0,0,0,0,0,26
115,6201,AMR CORP,07/18/2003,10-Q,200307,edgar/data/6201/0000006201-03-000045.txt,41,81,-0.32786884977156683,27,0.39108527131782944,10.956434108527134,2018,5160,74,60,0.007945736434108527,0.015697674418604653,0.01434108527131783,0.011627906976744186,0,4,-0.9999997500000625,20,0.3488372093023256,8.13953488372093,75,215,14,3,0,0,0,0,0,0,0.0,0,0.0,0.0,0,0,0,0,0,0,0,0,63
116,6201,AMR CORP,10/16/2008,10-Q,200810,edgar/data/6201/0000006201-08-000060.txt,0,0,0.0,0,0.0,0.0,0,0,0,0,0.0,0.0,0.0,0.0,0,0,0.0,0,0.0,0.0,0,0,0,0,0,0,0,0,36,52,-0.18181817975206616,52,0.3738508682328907,20.94954034729316,1830,4895,47,60,0,0,0,0,60
117,6201,AMR CORP,02/19/2009,10-K,200902,edgar/data/6201/0000006201-09-000009.txt,0,0,0.0,0,0.0,0.0,0,0,0,0,0.0,0.0,0.0,0.0,0,0,0.0,0,0.0,0.0,0,0,0,0,0,0,0,0,0,0,0.0,0,0.0,0.0,0,0,0,0,0,0,0,0,0
118,6201,AMR CORP,04/16/2009,10-Q,200904,edgar/data/6201/0000006201-09-000016.txt,53,127,-0.4111111088271605,53,0.38731009830205543,21.35492403932082,2167,5595,108,76,0.009472743521000894,0.022698838248436104,0.0193029490616622,0.013583556747095622,0,0,0.0,0,0.0,0.0,0,0,0,0,0,0,0,0,28,61,-0.370786512687792,52,0.3912133891213389,20.95648535564854,1309,3346,65,63,0,0,0,0,139
119,6201,AMR CORP,07/15/2009,10-Q,200907,edgar/data/6201/0000006201-09-000029.txt,43,101,-0.4027777749807099,59,0.37085921325051757,23.74834368530021,1433,3864,60,42,0.011128364389233954,0.02613871635610766,0.015527950310559006,0.010869565217391304,0,0,0.0,0,0.0,0.0,0,0,0,0,0,0,0,0,7,18,-0.4399999824000007,59,0.4217791411042945,23.76871165644172,275,652,13,7,0,0,0,0,49
120,6201,AMR CORP,10/21/2009,10-Q,200910,edgar/data/6201/0000006201-09-000038.txt,43,90,-0.3533834559895981,114,0.38435576732181853,45.75374230692873,1936,5037,111,58,0.008536827476672622,0.01786777843954735,0.022036926742108397,0.011514790549930515,18,37,-0.34545453917355384,81,0.3462028001697073,32.538481120067885,816,2357,38,9,0,0,0,0,41,73,-0.28070175192366886,107,0.3747547416612165,42.94990189666449,1719,4587,94,55,0,0,0,0,122
121,6201,AMR CORP,11/06/2009,10-Q/A,200911,edgar/data/6201/0000006201-09-000040.txt,0,0,0.0,0,0.0,0.0,0,0,0,0,0.0,0.0,0.0,0.0,0,0,0.0,0,0.0,0.0,0,0,0,0,0,0,0,0,0,0,0.0,0,0.0,0.0,0,0,0,0,0,0,0,0,0
122,6201,AMR CORP,02/17/2010,10-K,201002,edgar/data/6201/0000006201-10-000006.txt,0,0,0.0,0,0.0,0.0,0,0,0,0,0.0,0.0,0.0,0.0,0,0,0.0,0,0.0,0.0,0,0,0,0,0,0,0,0,59,229,-0.5902777757282022,35,0.45837537840565085,14.18335015136226,1817,3964,164,88,0,0,0,0,88
123,6201,AMR CORP,04/21/2010,10-Q,201004,edgar/data/6201/0000006201-10-000013.txt,52,79,-0.20610686865567276,86,0.4117189525537983,34.56468758102152,1588,3857,86,56,0.013481980814104226,0.020482240082966036,0.02229712211563391,0.014519056261343012,4,8,-0.3333333055555579,196,0.31806615776081426,78.52722646310434,125,393,20,2,0,0,0,0,0,0,0.0,0,0.0,0.0,0,0,0,0,0,0,0,0,58
124,6201,AMR CORP,07/21/2010,10-Q,201007,edgar/data/6201/0000950123-10-066894.txt,0,0,0.0,0,0.0,0.0,0,0,0,0,0.0,0.0,0.0,0.0,4,6,-0.19999998000000202,20,0.35733333333333334,8.142933333333334,134,375,19,2,0,0,0,0,0,0,0.0,0,0.0,0.0,0,0,0,0,0,0,0,0,2
125,6201,AMR CORP,10/20/2010,10-Q,201010,edgar/data/6201/0000950123-10-094605.txt,0,0,0.0,0,0.0,0.0,0,0,0,0,0.0,0.0,0.0,0.0,5,6,-0.09090908264462885,21,0.36639118457300274,8.546556473829202,133,363,18,1,0,0,0,0,0,0,0.0,0,0.0,0.0,0,0,0,0,0,0,0,0,1
126,6260,ANACOMP INC,02/14/1994,10-Q,199402,edgar/data/6260/0000006260-94-000014.txt,0,0,0.0,5,0.4666666666666667,2.186666666666667,7,15,0,0,0.0,0.0,0.0,0.0,0,0,0.0,0,0.0,0.0,0,0,0,0,0,0,0,0,0,0,0.0,0,0.0,0.0,0,0,0,0,0,0,0,0,0
127,6260,ANACOMP INC,05/12/1994,10-Q,199405,edgar/data/6260/0000006260-94-000016.txt,0,0,0.0,5,0.4666666666666667,2.186666666666667,7,15,0,0,0.0,0.0,0.0,0.0,0,0,0.0,0,0.0,0.0,0,0,0,0,0,0,0,0,0,0,0.0,0,0.0,0.0,0,0,0,0,0,0,0,0,0
128,6260,ANACOMP INC,12/29/1997,10-K,199712,edgar/data/6260/0000006260-97-000011.txt,0,0,0.0,16,0.4838709677419355,6.593548387096774,15,31,1,0,0.0,0.0,0.03225806451612903,0.0,0,0,0.0,0,0.0,0.0,0,0,0,0,0,0,0,0,0,0,0.0,0,0.0,0.0,0,0,0,0,0,0,0,0,0
129,6260,ANACOMP INC,02/17/1998,10-Q,199802,edgar/data/6260/0000006260-98-000001.txt,8,10,-0.11111110493827195,29,0.337220602526725,11.73488824101069,347,1029,6,11,0.007774538386783284,0.009718172983479106,0.0058309037900874635,0.010689990281827016,0,0,0.0,0,0.0,0.0,0,0,0,0,0,0,0,0,0,0,0.0,0,0.0,0.0,0,0,0,0,0,0,0,0,11
130,6260,ANACOMP INC,05/13/1998,10-Q,199805,edgar/data/6260/0000006260-98-000003.txt,17,21,-0.10526315512465383,27,0.3052814857806152,10.922112594312246,526,1723,10,9,0.009866511897852582,0.012188044109112013,0.005803830528148578,0.00522344747533372,0,0,0.0,0,0.0,0.0,0,0,0,0,0,0,0,0,0,0,0.0,0,0.0,0.0,0,0,0,0,0,0,0,0,9
131,6260,ANACOMP INC,08/14/1998,10-Q,199808,edgar/data/6260/0000914121-98-000672.txt,13,30,-0.39534882801514354,28,0.3126477541371158,11.325059101654848,529,1692,16,11,0.0076832151300236405,0.01773049645390071,0.009456264775413711,0.0065011820330969266,0,0,0.0,0,0.0,0.0,0,0,0,0,0,0,0,0,0,0,0.0,0,0.0,0.0,0,0,0,0,0,0,0,0,11
132,6260,ANACOMP INC,12/29/1998,10-K405,199812,edgar/data/6260/0001047469-98-045227.txt,18,47,-0.44615383928994096,20,0.36775732788002724,8.147102931152011,1079,2934,48,20,0.006134969325153374,0.016019086571233812,0.016359918200409,0.006816632583503749,0,0,0.0,10,0.3,4.12,12,40,1,0,0,0,0,0,0,0,0.0,0,0.0,0.0,0,0,0,0,0,0,0,0,20
133,6260,ANACOMP INC,02/11/1999,10-Q,199902,edgar/data/6260/0000006260-99-000005.txt,0,0,0.0,0,0.0,0.0,0,0,0,0,0.0,0.0,0.0,0.0,0,0,0.0,8,0.40476190476190477,3.3619047619047624,17,42,1,0,0,0,0,0,0,0,0.0,0,0.0,0.0,0,0,0,0,0,0,0,0,0
134,6260,ANACOMP INC,05/17/1999,10-Q,199905,edgar/data/6260/0000006260-99-000007.txt,0,0,0.0,6,0.46153846153846156,2.5846153846153848,6,13,0,0,0.0,0.0,0.0,0.0,0,0,0.0,8,0.45,3.38,18,40,1,0,0,0,0,0,0,0,0.0,0,0.0,0.0,0,0,0,0,0,0,0,0,0
135,6260,ANACOMP INC,08/13/1999,10-Q,199908,edgar/data/6260/0000006260-99-000010.txt,0,0,0.0,6,0.46153846153846156,2.5846153846153848,6,13,0,0,0.0,0.0,0.0,0.0,0,0,0.0,7,0.45,2.9800000000000004,18,40,1,0,0,0,0,0,0,0,0.0,0,0.0,0.0,0,0,0,0,0,0,0,0,0
136,11860,BETHLEHEM STEEL CORP /DE/,11/12/1998,10-Q,199811,edgar/data/11860/0000011860-98-000022.txt,0,0,0.0,0,0.0,0.0,0,0,0,0,0.0,0.0,0.0,0.0,0,0,0.0,0,0.0,0.0,0,0,0,0,0,0,0,0,0,0,0.0,0,0.0,0.0,0,0,0,0,0,0,0,0,0
137,11860,BETHLEHEM STEEL CORP /DE/,03/24/1999,10-K405,199903,edgar/data/11860/0001021408-99-000543.txt,0,0,0.0,7,0.39285714285714285,2.9571428571428573,11,28,0,1,0.0,0.0,0.0,0.03571428571428571,0,0,0.0,0,0.0,0.0,0,0,0,0,0,0,0,0,0,0,0.0,0,0.0,0.0,0,0,0,0,0,0,0,0,1
138,11860,BETHLEHEM STEEL CORP /DE/,05/14/1999,10-Q,199905,edgar/data/11860/0000011860-99-000025.txt,0,0,0.0,0,0.0,0.0,0,0,0,0,0.0,0.0,0.0,0.0,0,0,0.0,0,0.0,0.0,0,0,0,0,0,0,0,0,0,0,0.0,0,0.0,0.0,0,0,0,0,0,0,0,0,0
139,11860,BETHLEHEM STEEL CORP /DE/,06/29/1999,10-K/A,199906,edgar/data/11860/0000011860-99-000030.txt,0,0,0.0,0,0.0,0.0,0,0,0,0,0.0,0.0,0.0,0.0,0,0,0.0,0,0.0,0.0,0,0,0,0,0,0,0,0,0,0,0.0,0,0.0,0.0,0,0,0,0,0,0,0,0,0
140,11860,BETHLEHEM STEEL CORP /DE/,08/05/1999,10-Q,199908,edgar/data/11860/0000011860-99-000035.txt,0,0,0.0,0,0.0,0.0,0,0,0,0,0.0,0.0,0.0,0.0,0,0,0.0,0,0.0,0.0,0,0,0,0,0,0,0,0,0,0,0.0,0,0.0,0.0,0,0,0,0,0,0,0,0,0
141,11860,BETHLEHEM STEEL CORP /DE/,11/02/1999,10-Q,199911,edgar/data/11860/0000011860-99-000042.txt,0,0,0.0,0,0.0,0.0,0,0,0,0,0.0,0.0,0.0,0.0,0,0,0.0,0,0.0,0.0,0,0,0,0,0,0,0,0,0,0,0.0,0,0.0,0.0,0,0,0,0,0,0,0,0,0
142,11860,BETHLEHEM STEEL CORP /DE/,03/09/2000,10-K,200003,edgar/data/11860/0000011860-00-000019.txt,0,0,0.0,9,0.39285714285714285,3.757142857142857,11,28,0,1,0.0,0.0,0.0,0.03571428571428571,0,0,0.0,0,0.0,0.0,0,0,0,0,0,0,0,0,0,0,0.0,0,0.0,0.0,0,0,0,0,0,0,0,0,1
143,11860,BETHLEHEM STEEL CORP /DE/,05/03/2000,10-Q,200005,edgar/data/11860/0000011860-00-000022.txt,0,0,0.0,0,0.0,0.0,0,0,0,0,0.0,0.0,0.0,0.0,0,0,0.0,0,0.0,0.0,0,0,0,0,0,0,0,0,0,0,0.0,0,0.0,0.0,0,0,0,0,0,0,0,0,0
144,11860,BETHLEHEM STEEL CORP /DE/,06/28/2000,10-K/A,200006,edgar/data/11860/0000011860-00-000025.txt,0,0,0.0,0,0.0,0.0,0,0,0,0,0.0,0.0,0.0,0.0,0,0,0.0,0,0.0,0.0,0,0,0,0,0,0,0,0,0,0,0.0,0,0.0,0.0,0,0,0,0,0,0,0,0,0
145,11860,BETHLEHEM STEEL CORP /DE/,07/26/2000,10-Q,200007,edgar/data/11860/0000011860-00-000028.txt,0,0,0.0,0,0.0,0.0,0,0,0,0,0.0,0.0,0.0,0.0,0,0,0.0,0,0.0,0.0,0,0,0,0,0,0,0,0,0,0,0.0,0,0.0,0.0,0,0,0,0,0,0,0,0,0
146,11860,BETHLEHEM STEEL CORP /DE/,10/25/2000,10-Q,200010,edgar/data/11860/0000011860-00-000038.txt,0,0,0.0,0,0.0,0.0,0,0,0,0,0.0,0.0,0.0,0.0,0,0,0.0,0,0.0,0.0,0,0,0,0,0,0,0,0,0,0,0.0,0,0.0,0.0,0,0,0,0,0,0,0,0,0
147,12239,SPHERIX INC,04/02/2007,10-K,200704,edgar/data/12239/0001104659-07-024804.txt,0,0,0.0,0,0.0,0.0,0,0,0,0,0.0,0.0,0.0,0.0,0,0,0.0,0,0.0,0.0,0,0,0,0,0,0,0,0,0,0,0.0,0,0.0,0.0,0,0,0,0,0,0,0,0,0
148,12239,SPHERIX INC,05/16/2007,NT 10-Q,200705,edgar/data/12239/0001104659-07-040463.txt,0,0,0.0,0,0.0,0.0,0,0,0,0,0.0,0.0,0.0,0.0,0,0,0.0,0,0.0,0.0,0,0,0,0,0,0,0,0,0,0,0.0,0,0.0,0.0,0,0,0,0,0,0,0,0,0
149,12239,SPHERIX INC,05/18/2007,10-Q,200705,edgar/data/12239/0001104659-07-041441.txt,0,0,0.0,0,0.0,0.0,0,0,0,0,0.0,0.0,0.0,0.0,0,0,0.0,0,0.0,0.0,0,0,0,0,0,0,0,0,0,1,-0.9999990000010001,21,0.3125,8.525,20,64,8,0,0,0,0,0,0
150,12239,SPHERIX INC,05/23/2007,10-K/A,200705,edgar/data/12239/0001104659-07-042333.txt,0,0,0.0,0,0.0,0.0,0,0,0,0,0.0,0.0,0.0,0.0,0,0,0.0,0,0.0,0.0,0,0,0,0,0,0,0,0,21,51,-0.4166666608796297,15,0.46862265688671556,6.187449062754687,575,1227,49,9,0,0,0,0,9
151,12239,SPHERIX INC,08/14/2007,10-Q,200708,edgar/data/12239/0001104659-07-062470.txt,0,0,0.0,0,0.0,0.0,0,0,0,0,0.0,0.0,0.0,0.0,0,0,0.0,20,0.336734693877551,8.13469387755102,33,98,7,0,0,0,0,0,0,1,-0.9999990000010001,19,0.39655172413793105,7.7586206896551735,23,58,5,0,0,0,0,0,0
